{
  "name": "save_server",
  "nickName": "服务端存档",
  "styleFileList": [],
  "scriptFileList": [
    "mod/js/dol_server_save.js"
  ],
  "tweeFileList": [
    "mod/twee/dss_dialog_button.twee",
    "mod/twee/dss_save_list.twee"
  ],
  "imgFileList": [],
  "additionFile": [
    "README.md",
    "LICENSE"
  ],
  "addonPlugin": [
    {
      "modName": "TweeReplacer",
      "addonName": "TweeReplacerAddon",
      "modVersion": "^1.6.1",
      "params": [
        {
          "passage": "StoryCaption",
          "all": true,
          "findRegex": "<div class=\"two-column\">\\s*<<button \"(Save|存档)\">>[\\s\\S]*?(\\s*<\\/div>){2}|<div class=\"sidebarButtonSplit\">[\\s\\S]*?<<button (SAVES|存档)>>[\\s\\S]*?</div>|<<startCaption>>\\s*?</div>",
          "replace": "$&<<dss_dialog_button>>"
        }
      ]
    }
  ],
  "dependenceInfo": [
    {
      "modName": "TweeReplacer",
      "version": "^1.6.1"
    }
  ],
  "version": "0.10.0"
}