{
  "name": "save_server",
  "nickName": "服务端存档",
  "styleFileList": [],
  "scriptFileList": [
    "mod/js/save.js"
  ],
  "tweeFileList": [
    "mod/twee/dss_save_list.twee"
  ],
  "imgFileList": [],
  "additionFile": [
    "README.md",
    "LICENSE"
  ],
  "addonPlugin": [
    {
      "modName": "TweeReplacer",
      "addonName": "TweeReplacerAddon",
      "modVersion": "^1.6.1",
      "params": [
        {
          "passage": "overlayReplace",
          "findRegex": "<<toggleTab>>\\s*<<replace #customOverlayContent>><<optionsExportImport>><</replace>>",
          "replace": "$&<</button>><<button \"云存档\">><<toggleTab>><<replace #customOverlayContent>><<dss_save_list>><</replace>>"
        }
      ]
    }
  ],
  "dependenceInfo": [
    {
      "modName": "TweeReplacer",
      "version": "^1.6.1"
    }
  ],
  "version": "0.8.0"
}